{"accuracy": 0.864835164835165, "r_square_error": 0.8939393939393939, "root_mean_squared_error": 0.3256694736394648}